Model,Accuracy,Precision,Recall,F1 Score
Logistic Regression,0.8532608695652174,0.9,0.8411214953271028,0.8695652173913043
Decision Tree,0.7934782608695652,0.8709677419354839,0.7570093457943925,0.81
Random Forest,0.875,0.8962264150943396,0.8878504672897196,0.892018779342723
Gradient Boosting,0.8804347826086957,0.912621359223301,0.8785046728971962,0.8952380952380953
Support Vector Machine,0.8641304347826086,0.8867924528301887,0.8785046728971962,0.8826291079812206
XGBoost,0.8858695652173914,0.9134615384615384,0.8878504672897196,0.9004739336492891
